CountryName,Date,C1_School closing,C2_Workplace closing,C3_Cancel public events,C4_Restrictions on gatherings,C5_Close public transport,C6_Stay at home requirements,C7_Restrictions on internal movement,C8_International travel controls,E1_Income support,E2_Debt/contract relief,H1_Public information campaigns,H2_Testing policy,H3_Contact tracing,H6_Facial Coverings
United States,2020-01-07,0.0,0.0,0.0,0.0,0.0,0.0,0.0,0.0,0.0,0.0,0.0,0.0,0.0,0.0
United States,2020-01-08,0.0,0.0,0.0,0.0,0.0,0.0,0.0,0.0,0.0,0.0,0.0,0.0,0.0,0.0
United States,2020-01-09,0.0,0.0,0.0,0.0,0.0,0.0,0.0,0.0,0.0,0.0,0.0,0.0,0.0,0.0
United States,2020-01-10,0.0,0.0,0.0,0.0,0.0,0.0,0.0,0.0,0.0,0.0,0.0,0.0,0.0,0.0
United States,2020-01-11,0.0,0.0,0.0,0.0,0.0,0.0,0.0,0.0,0.0,0.0,0.0,0.0,0.0,0.0
United States,2020-01-12,0.0,0.0,0.0,0.0,0.0,0.0,0.0,0.0,0.0,0.0,0.0,0.0,0.0,0.0
United States,2020-01-13,0.0,0.0,0.0,0.0,0.0,0.0,0.0,0.0,0.0,0.0,0.0,0.0,0.0,0.0
United States,2020-01-14,0.0,0.0,0.0,0.0,0.0,0.0,0.0,0.0,0.0,0.0,0.0,0.0,0.0,0.0
United States,2020-01-15,0.0,0.0,0.0,0.0,0.0,0.0,0.0,0.0,0.0,0.0,0.0,0.0,0.0,0.0
United States,2020-01-16,0.0,0.0,0.0,0.0,0.0,0.0,0.0,0.0,0.0,0.0,0.0,0.0,0.0,0.0
United States,2020-01-17,0.0,0.0,0.0,0.0,0.0,0.0,0.0,0.0,0.0,0.0,0.0,0.0,0.0,0.0
United States,2020-01-18,0.0,0.0,0.0,0.0,0.0,0.0,0.0,0.0,0.0,0.0,0.0,0.0,0.0,0.0
United States,2020-01-19,0.0,0.0,0.0,0.0,0.0,0.0,0.0,0.0,0.0,0.0,0.0,0.0,0.0,0.0
United States,2020-01-20,0.0,0.0,0.0,0.0,0.0,0.0,0.0,0.0,0.0,0.0,0.0,0.0,0.0,0.0
United States,2020-01-21,0.0,0.0,0.0,0.0,0.0,0.0,0.0,0.0,0.0,0.0,0.0,0.0,0.07142857142857142,0.0
United States,2020-01-22,0.0,0.0,0.0,0.0,0.0,0.0,0.0,0.0,0.0,0.0,0.0,0.0,0.14285714285714285,0.0
United States,2020-01-23,0.0,0.0,0.0,0.0,0.0,0.0,0.0,0.0,0.0,0.0,0.0,0.0,0.21428571428571427,0.0
United States,2020-01-24,0.0,0.0,0.0,0.0,0.0,0.0,0.0,0.0,0.0,0.0,0.0,0.0,0.2857142857142857,0.0
United States,2020-01-25,0.0,0.0,0.0,0.0,0.0,0.0,0.0,0.0,0.0,0.0,0.0,0.0,0.35714285714285715,0.0
United States,2020-01-26,0.0,0.0,0.0,0.0,0.0,0.0,0.0,0.0,0.0,0.0,0.0,0.0,0.42857142857142855,0.0
United States,2020-01-27,0.0,0.0,0.0,0.0,0.0,0.0,0.0,0.0,0.0,0.0,0.0,0.0,0.5,0.0
United States,2020-01-28,0.0,0.0,0.0,0.0,0.0,0.0,0.0,0.0,0.0,0.0,0.0,0.0,0.5,0.0
United States,2020-01-29,0.0,0.0,0.0,0.0,0.0,0.0,0.0,0.0,0.0,0.0,0.0,0.0,0.5,0.0
United States,2020-01-30,0.0,0.0,0.0,0.0,0.0,0.0,0.0,0.0,0.0,0.0,0.0,0.0,0.5,0.0
United States,2020-01-31,0.0,0.0,0.0,0.0,0.0,0.0,0.0,0.0,0.0,0.0,0.0,0.0,0.5,0.0
United States,2020-02-01,0.0,0.0,0.0,0.0,0.0,0.0,0.0,0.0,0.0,0.0,0.0,0.0,0.5,0.0
United States,2020-02-02,0.0,0.0,0.0,0.0,0.0,0.0,0.0,0.07142857142857142,0.0,0.0,0.0,0.0,0.5,0.0
United States,2020-02-03,0.0,0.0,0.0,0.0,0.0,0.0,0.0,0.14285714285714285,0.0,0.0,0.0,0.0,0.5,0.0
United States,2020-02-04,0.0,0.0,0.0,0.0,0.0,0.0,0.0,0.21428571428571427,0.0,0.0,0.0,0.0,0.5,0.0
United States,2020-02-05,0.0,0.0,0.0,0.0,0.0,0.0,0.0,0.2857142857142857,0.0,0.0,0.0,0.0,0.5,0.0
United States,2020-02-06,0.0,0.0,0.0,0.0,0.0,0.0,0.0,0.35714285714285715,0.0,0.0,0.0,0.0,0.5,0.0
United States,2020-02-07,0.0,0.0,0.0,0.0,0.0,0.0,0.0,0.42857142857142855,0.0,0.0,0.0,0.0,0.5,0.0
United States,2020-02-08,0.0,0.0,0.0,0.0,0.0,0.0,0.0,0.5,0.0,0.0,0.0,0.0,0.5,0.0
United States,2020-02-09,0.0,0.0,0.0,0.0,0.0,0.0,0.0,0.5,0.0,0.0,0.0,0.0,0.5,0.0
United States,2020-02-10,0.0,0.0,0.0,0.0,0.0,0.0,0.0,0.5,0.0,0.0,0.0,0.0,0.5,0.0
United States,2020-02-11,0.0,0.0,0.0,0.0,0.0,0.0,0.0,0.5,0.0,0.0,0.0,0.0,0.5,0.0
United States,2020-02-12,0.0,0.0,0.0,0.0,0.0,0.0,0.0,0.5,0.0,0.0,0.0,0.0,0.5,0.0
United States,2020-02-13,0.0,0.0,0.0,0.0,0.0,0.0,0.0,0.5,0.0,0.0,0.0,0.0,0.5,0.0
United States,2020-02-14,0.0,0.0,0.0,0.0,0.0,0.0,0.0,0.5,0.0,0.0,0.0,0.0,0.5,0.0
United States,2020-02-15,0.0,0.0,0.0,0.0,0.0,0.0,0.0,0.5,0.0,0.0,0.0,0.0,0.5,0.0
United States,2020-02-16,0.0,0.0,0.0,0.0,0.0,0.0,0.0,0.5,0.0,0.0,0.0,0.0,0.5,0.0
United States,2020-02-17,0.0,0.0,0.0,0.0,0.0,0.0,0.0,0.5,0.0,0.0,0.0,0.0,0.5,0.0
United States,2020-02-18,0.0,0.0,0.0,0.0,0.0,0.0,0.0,0.5,0.0,0.0,0.0,0.0,0.5,0.0
United States,2020-02-19,0.0,0.0,0.0,0.0,0.0,0.0,0.0,0.5,0.0,0.0,0.0,0.0,0.5,0.0
United States,2020-02-20,0.0,0.0,0.0,0.0,0.0,0.0,0.0,0.5,0.0,0.0,0.0,0.0,0.5,0.0
United States,2020-02-21,0.0,0.0,0.0,0.0,0.0,0.0,0.0,0.5,0.0,0.0,0.0,0.0,0.5,0.0
United States,2020-02-22,0.0,0.0,0.0,0.0,0.0,0.0,0.0,0.5,0.0,0.0,0.0,0.0,0.5,0.0
United States,2020-02-23,0.0,0.0,0.0,0.0,0.0,0.0,0.0,0.5,0.0,0.0,0.0,0.0,0.5,0.0
United States,2020-02-24,0.0,0.0,0.0,0.0,0.0,0.0,0.0,0.5,0.0,0.0,0.0,0.0,0.5,0.0
United States,2020-02-25,0.0,0.0,0.0,0.0,0.0,0.0,0.0,0.5,0.0,0.0,0.0,0.0,0.5,0.0
United States,2020-02-26,0.0,0.0,0.0,0.0,0.0,0.0,0.0,0.5,0.0,0.0,0.0,0.0,0.5,0.0
United States,2020-02-27,0.0,0.0,0.0,0.0,0.0,0.0,0.0,0.5,0.0,0.0,0.0,0.0,0.5,0.0
United States,2020-02-28,0.0,0.0,0.0,0.0,0.0,0.0,0.0,0.5,0.0,0.0,0.0,0.047619047619047616,0.5,0.0
United States,2020-02-29,0.0,0.0,0.0,0.0,0.0,0.0,0.0,0.5,0.0,0.0,0.0,0.09523809523809523,0.5,0.0
United States,2020-03-01,0.0,0.0,0.03571428571428571,0.0,0.0,0.0,0.0,0.5,0.0,0.0,0.0,0.14285714285714285,0.5,0.0
United States,2020-03-02,0.0,0.0,0.07142857142857142,0.0,0.0,0.0,0.0,0.5357142857142857,0.0,0.0,0.0,0.19047619047619047,0.5,0.0
United States,2020-03-03,0.0,0.0,0.10714285714285714,0.0,0.0,0.0,0.0,0.5714285714285714,0.0,0.0,0.0,0.23809523809523808,0.5,0.0
United States,2020-03-04,0.0,0.0,0.14285714285714285,0.0,0.0,0.0,0.0,0.6071428571428571,0.0,0.0,0.0,0.3333333333333333,0.5,0.0
United States,2020-03-05,0.11904761904761905,0.0,0.17857142857142858,0.0,0.0,0.0,0.0,0.6428571428571429,0.0,0.0,0.0,0.42857142857142855,0.5,0.0
United States,2020-03-06,0.2380952380952381,0.0,0.21428571428571427,0.0,0.0,0.0,0.0,0.6785714285714286,0.0,0.0,0.0,0.4761904761904763,0.5,0.0
United States,2020-03-07,0.35714285714285715,0.0,0.25,0.0,0.0,0.0,0.0,0.7142857142857143,0.0,0.0,0.0,0.5238095238095238,0.5,0.0
United States,2020-03-08,0.4761904761904762,0.0,0.25,0.0,0.0,0.0,0.0,0.75,0.0,0.0,0.0,0.5714285714285714,0.5,0.0
United States,2020-03-09,0.5952380952380952,0.0,0.25,0.0,0.0,0.0,0.0,0.75,0.0,0.0,0.0,0.619047619047619,0.5,0.0
United States,2020-03-10,0.7142857142857143,0.0,0.25,0.0,0.0,0.0,0.0,0.75,0.0,0.0,0.0,0.6666666666666666,0.5,0.017857142857142856
United States,2020-03-11,0.8333333333333333,0.0,0.25,0.017857142857142856,0.0,0.0,0.0,0.75,0.0,0.0,0.0,0.6666666666666666,0.5,0.03571428571428571
United States,2020-03-12,0.8333333333333333,0.0,0.32142857142857145,0.07142857142857142,0.0,0.0,0.0,0.75,0.0,0.0,0.0,0.6666666666666666,0.5,0.05357142857142857
United States,2020-03-13,0.8333333333333333,0.0,0.39285714285714285,0.125,0.0,0.0,0.0,0.75,0.0,0.0,0.0,0.6666666666666666,0.5,0.07142857142857142
United States,2020-03-14,0.8333333333333333,0.0,0.4642857142857143,0.17857142857142858,0.0,0.0,0.07142857142857142,0.75,0.0,0.0,0.0,0.7142857142857143,0.5,0.08928571428571429
United States,2020-03-15,0.8333333333333333,0.0,0.5357142857142857,0.23214285714285715,0.0,0.07142857142857142,0.14285714285714285,0.75,0.0,0.0,0.0,0.7619047619047619,0.5,0.10714285714285714
United States,2020-03-16,0.8333333333333333,0.0,0.6071428571428571,0.2857142857142857,0.0,0.14285714285714285,0.21428571428571427,0.75,0.0,0.0,0.14285714285714285,0.8095238095238095,0.5,0.125
United States,2020-03-17,0.8333333333333333,0.0,0.6785714285714286,0.3392857142857143,0.03571428571428571,0.21428571428571427,0.2857142857142857,0.75,0.0,0.0,0.2857142857142857,0.8571428571428573,0.5,0.125
United States,2020-03-18,0.8333333333333333,0.0,0.75,0.375,0.07142857142857142,0.2857142857142857,0.35714285714285715,0.75,0.0,0.0,0.42857142857142855,0.9047619047619049,0.5,0.125
United States,2020-03-19,0.8333333333333333,0.11904761904761905,0.75,0.375,0.10714285714285714,0.35714285714285715,0.4642857142857143,0.75,0.0,0.0,0.5714285714285714,0.9523809523809524,0.5,0.125
United States,2020-03-20,0.8333333333333333,0.2380952380952381,0.75,0.375,0.14285714285714285,0.42857142857142855,0.5714285714285714,0.75,0.0,0.0,0.7142857142857143,1.0,0.5,0.125
United States,2020-03-21,0.8333333333333333,0.35714285714285715,0.75,0.44642857142857145,0.17857142857142858,0.5,0.6071428571428571,0.75,0.0,0.0,0.8571428571428571,1.0,0.5,0.125
United States,2020-03-22,0.8333333333333333,0.4761904761904762,0.75,0.5178571428571429,0.21428571428571427,0.5,0.6428571428571429,0.75,0.0,0.0,1.0,1.0,0.5,0.125
United States,2020-03-23,0.8333333333333333,0.5952380952380952,0.75,0.5892857142857143,0.25,0.5,0.6785714285714286,0.75,0.0,0.0,1.0,1.0,0.5,0.125
United States,2020-03-24,0.8333333333333333,0.7142857142857143,0.75,0.6607142857142857,0.25,0.5,0.7142857142857143,0.75,0.0,0.0,1.0,1.0,0.5,0.125
United States,2020-03-25,0.8333333333333333,0.8333333333333333,0.75,0.7321428571428571,0.25,0.5,0.75,0.75,0.0,0.0,1.0,1.0,0.5,0.125
United States,2020-03-26,0.8333333333333333,0.8333333333333333,0.75,0.8035714285714286,0.25,0.5,0.75,0.75,0.0,0.0,1.0,1.0,0.5,0.125
United States,2020-03-27,0.8333333333333333,0.8333333333333333,0.75,0.875,0.25,0.5,0.75,0.75,0.10714285714285714,0.07142857142857142,1.0,1.0,0.5,0.125
United States,2020-03-28,0.8333333333333333,0.8333333333333333,0.75,0.875,0.25,0.5,0.75,0.75,0.21428571428571427,0.14285714285714285,1.0,1.0,0.5,0.125
United States,2020-03-29,0.8333333333333333,0.8333333333333333,0.75,0.875,0.25,0.5,0.75,0.75,0.32142857142857145,0.21428571428571427,1.0,1.0,0.5,0.125
United States,2020-03-30,0.8333333333333333,0.8333333333333333,0.75,0.875,0.25,0.5,0.75,0.75,0.42857142857142855,0.2857142857142857,1.0,1.0,0.5,0.125
United States,2020-03-31,0.8333333333333333,0.8333333333333333,0.75,0.875,0.25,0.5,0.75,0.75,0.5357142857142857,0.35714285714285715,1.0,1.0,0.5,0.125
United States,2020-04-01,0.8333333333333333,0.8333333333333333,0.75,0.875,0.25,0.5,0.75,0.75,0.6428571428571429,0.42857142857142855,1.0,1.0,0.5,0.125
United States,2020-04-02,0.8333333333333333,0.8333333333333333,0.75,0.875,0.25,0.5,0.75,0.75,0.75,0.5,1.0,1.0,0.5,0.125
United States,2020-04-03,0.8333333333333333,0.8333333333333333,0.75,0.875,0.25,0.5,0.75,0.75,0.75,0.5,1.0,1.0,0.5,0.125
United States,2020-04-04,0.8333333333333333,0.8333333333333333,0.75,0.875,0.25,0.5,0.75,0.75,0.75,0.5,1.0,1.0,0.5,0.16071428571428573
United States,2020-04-05,0.8333333333333333,0.8333333333333333,0.75,0.875,0.25,0.5,0.75,0.75,0.75,0.5,1.0,1.0,0.5,0.19642857142857142
United States,2020-04-06,0.8333333333333333,0.8333333333333333,0.75,0.875,0.25,0.5,0.75,0.75,0.75,0.5,1.0,1.0,0.5,0.26785714285714285
United States,2020-04-07,0.8333333333333333,0.8333333333333333,0.75,0.875,0.25,0.5,0.75,0.75,0.75,0.5,1.0,1.0,0.5,0.3392857142857143
United States,2020-04-08,0.8333333333333333,0.8333333333333333,0.75,0.875,0.25,0.5,0.75,0.75,0.75,0.5,1.0,1.0,0.5,0.4107142857142857
United States,2020-04-09,0.8333333333333333,0.8333333333333333,0.75,0.875,0.25,0.5,0.75,0.75,0.75,0.5,1.0,1.0,0.5,0.48214285714285715
United States,2020-04-10,0.8333333333333333,0.8333333333333333,0.75,0.875,0.25,0.5,0.75,0.75,0.75,0.5,1.0,1.0,0.5,0.5535714285714286
United States,2020-04-11,0.8333333333333333,0.8333333333333333,0.75,0.875,0.25,0.5,0.75,0.75,0.75,0.5,1.0,1.0,0.5,0.5892857142857143
United States,2020-04-12,0.8333333333333333,0.8333333333333333,0.75,0.875,0.25,0.5,0.75,0.75,0.75,0.5,1.0,1.0,0.5,0.625
United States,2020-04-13,0.8333333333333333,0.8333333333333333,0.75,0.875,0.25,0.5,0.75,0.75,0.75,0.5,1.0,1.0,0.5,0.625
United States,2020-04-14,0.8333333333333333,0.8333333333333333,0.75,0.875,0.25,0.5,0.75,0.75,0.75,0.5,1.0,1.0,0.5,0.625
United States,2020-04-15,0.8333333333333333,0.8333333333333333,0.75,0.875,0.25,0.5,0.75,0.75,0.75,0.5,1.0,1.0,0.5,0.625
United States,2020-04-16,0.8333333333333333,0.8333333333333333,0.75,0.875,0.25,0.5,0.75,0.75,0.75,0.5,1.0,1.0,0.5,0.625
United States,2020-04-17,0.8333333333333333,0.8333333333333333,0.75,0.875,0.25,0.5,0.75,0.75,0.75,0.5,1.0,1.0,0.5,0.625
United States,2020-04-18,0.8333333333333333,0.8333333333333333,0.75,0.875,0.25,0.5,0.75,0.75,0.75,0.5,1.0,1.0,0.5,0.625
United States,2020-04-19,0.8333333333333333,0.8333333333333333,0.75,0.875,0.25,0.5,0.75,0.75,0.75,0.5,1.0,1.0,0.5,0.625
United States,2020-04-20,0.8333333333333333,0.8333333333333333,0.75,0.875,0.25,0.5,0.75,0.75,0.75,0.5,1.0,1.0,0.5,0.625
United States,2020-04-21,0.8333333333333333,0.8333333333333333,0.75,0.875,0.25,0.5,0.75,0.75,0.75,0.5,1.0,1.0,0.5,0.625
United States,2020-04-22,0.8333333333333333,0.8333333333333333,0.75,0.875,0.25,0.5,0.75,0.75,0.75,0.5,1.0,1.0,0.5,0.625
United States,2020-04-23,0.8333333333333333,0.8333333333333333,0.75,0.875,0.25,0.5,0.75,0.75,0.75,0.5,1.0,1.0,0.5,0.625
United States,2020-04-24,0.8333333333333333,0.8333333333333333,0.75,0.875,0.25,0.5,0.75,0.75,0.75,0.5,1.0,1.0,0.5,0.625
United States,2020-04-25,0.8333333333333333,0.8333333333333333,0.75,0.875,0.25,0.5,0.75,0.75,0.75,0.5,1.0,1.0,0.5,0.625
United States,2020-04-26,0.8333333333333333,0.8333333333333333,0.75,0.875,0.25,0.5,0.75,0.75,0.75,0.5,1.0,1.0,0.5,0.625
United States,2020-04-27,0.8333333333333333,0.8333333333333333,0.75,0.875,0.25,0.5,0.75,0.75,0.75,0.5,1.0,1.0,0.5,0.625
United States,2020-04-28,0.8333333333333333,0.8333333333333333,0.75,0.875,0.25,0.5,0.75,0.75,0.75,0.5,1.0,1.0,0.5,0.625
United States,2020-04-29,0.8333333333333333,0.8333333333333333,0.75,0.875,0.25,0.5,0.75,0.75,0.75,0.5,1.0,1.0,0.5,0.625
United States,2020-04-30,0.8333333333333333,0.8333333333333333,0.75,0.875,0.25,0.5,0.75,0.75,0.75,0.5,1.0,1.0,0.5,0.625
United States,2020-05-01,0.8333333333333333,0.8333333333333333,0.75,0.875,0.25,0.5,0.75,0.75,0.75,0.5,1.0,1.0,0.5,0.625
United States,2020-05-02,0.8333333333333333,0.8333333333333333,0.75,0.875,0.25,0.5,0.75,0.75,0.75,0.5,1.0,1.0,0.5,0.625
United States,2020-05-03,0.8333333333333333,0.8333333333333333,0.75,0.875,0.25,0.5,0.75,0.75,0.75,0.5,1.0,1.0,0.5,0.625
United States,2020-05-04,0.8333333333333333,0.8333333333333333,0.75,0.875,0.25,0.5,0.75,0.75,0.75,0.5,1.0,1.0,0.5,0.625
United States,2020-05-05,0.8333333333333333,0.8333333333333333,0.75,0.875,0.25,0.5,0.75,0.75,0.75,0.5,1.0,1.0,0.5,0.625
United States,2020-05-06,0.8333333333333333,0.8333333333333333,0.75,0.875,0.25,0.5,0.75,0.75,0.75,0.5,1.0,1.0,0.5,0.625
United States,2020-05-07,0.8333333333333333,0.8333333333333333,0.75,0.875,0.25,0.5,0.75,0.75,0.75,0.5,1.0,1.0,0.5,0.625
United States,2020-05-08,0.8333333333333333,0.8333333333333333,0.75,0.875,0.25,0.5,0.75,0.75,0.75,0.5,1.0,1.0,0.5,0.625
United States,2020-05-09,0.8333333333333333,0.8333333333333333,0.75,0.875,0.25,0.5,0.75,0.75,0.75,0.5,1.0,1.0,0.5,0.625
United States,2020-05-10,0.8333333333333333,0.8333333333333333,0.75,0.875,0.25,0.5,0.75,0.75,0.75,0.5,1.0,1.0,0.5,0.625
United States,2020-05-11,0.8333333333333333,0.8333333333333333,0.75,0.875,0.25,0.5,0.75,0.75,0.75,0.5,1.0,1.0,0.5,0.625
United States,2020-05-12,0.8333333333333333,0.8333333333333333,0.75,0.875,0.25,0.5,0.75,0.75,0.75,0.5,1.0,1.0,0.5,0.625
United States,2020-05-13,0.8333333333333333,0.8333333333333333,0.75,0.875,0.25,0.5,0.75,0.75,0.75,0.5,1.0,1.0,0.5,0.625
United States,2020-05-14,0.8333333333333333,0.8333333333333333,0.75,0.875,0.25,0.5,0.75,0.75,0.75,0.5,1.0,1.0,0.5,0.625
United States,2020-05-15,0.8333333333333333,0.8333333333333333,0.75,0.875,0.25,0.5,0.75,0.75,0.75,0.5,1.0,1.0,0.5,0.625
United States,2020-05-16,0.8333333333333333,0.8333333333333333,0.75,0.875,0.25,0.5,0.75,0.75,0.75,0.5,1.0,1.0,0.5,0.625
United States,2020-05-17,0.8333333333333333,0.8333333333333333,0.75,0.875,0.25,0.5,0.75,0.75,0.75,0.5,1.0,1.0,0.5,0.625
United States,2020-05-18,0.8333333333333333,0.8333333333333333,0.75,0.875,0.25,0.5,0.75,0.75,0.75,0.5,1.0,1.0,0.5,0.625
United States,2020-05-19,0.8333333333333333,0.8333333333333333,0.75,0.875,0.25,0.5,0.75,0.75,0.75,0.5,1.0,1.0,0.5,0.625
United States,2020-05-20,0.8333333333333333,0.8333333333333333,0.75,0.875,0.25,0.5,0.75,0.75,0.75,0.5,1.0,1.0,0.5,0.625
United States,2020-05-21,0.8333333333333333,0.8333333333333333,0.75,0.875,0.25,0.5,0.75,0.75,0.75,0.5,1.0,1.0,0.5,0.625
United States,2020-05-22,0.8333333333333333,0.8333333333333333,0.75,0.875,0.25,0.5,0.75,0.75,0.75,0.5,1.0,1.0,0.5,0.625
United States,2020-05-23,0.8333333333333333,0.8333333333333333,0.75,0.875,0.25,0.5,0.75,0.75,0.75,0.5,1.0,1.0,0.5,0.625
United States,2020-05-24,0.8333333333333333,0.8333333333333333,0.75,0.875,0.25,0.5,0.75,0.75,0.75,0.5,1.0,1.0,0.5,0.625
United States,2020-05-25,0.8333333333333333,0.8333333333333333,0.75,0.875,0.25,0.5,0.75,0.75,0.75,0.5,1.0,1.0,0.5,0.625
United States,2020-05-26,0.8333333333333333,0.8333333333333333,0.75,0.875,0.25,0.5,0.75,0.75,0.75,0.5,1.0,1.0,0.5,0.625
United States,2020-05-27,0.8333333333333333,0.8333333333333333,0.75,0.875,0.25,0.5,0.75,0.75,0.75,0.5,1.0,1.0,0.5,0.625
United States,2020-05-28,0.8333333333333333,0.8333333333333333,0.75,0.875,0.25,0.5,0.75,0.75,0.75,0.5,1.0,1.0,0.5,0.625
United States,2020-05-29,0.8333333333333333,0.8333333333333333,0.75,0.875,0.25,0.5,0.75,0.75,0.75,0.5,1.0,1.0,0.5,0.625
United States,2020-05-30,0.8333333333333333,0.8333333333333333,0.75,0.875,0.25,0.5,0.75,0.75,0.75,0.5,1.0,1.0,0.5,0.625
United States,2020-05-31,0.8333333333333333,0.8333333333333333,0.75,0.875,0.25,0.5,0.75,0.75,0.75,0.5,1.0,1.0,0.5,0.625
United States,2020-06-01,0.8333333333333333,0.8333333333333333,0.75,0.875,0.25,0.5,0.75,0.75,0.75,0.5,1.0,1.0,0.5,0.625
United States,2020-06-02,0.8333333333333333,0.8333333333333333,0.75,0.875,0.25,0.5,0.75,0.75,0.75,0.5,1.0,1.0,0.5,0.625
United States,2020-06-03,0.8333333333333333,0.8333333333333333,0.75,0.875,0.25,0.5,0.75,0.75,0.75,0.5,1.0,1.0,0.5,0.625
United States,2020-06-04,0.8333333333333333,0.8333333333333333,0.75,0.875,0.25,0.5,0.75,0.75,0.75,0.5,1.0,1.0,0.5,0.625
United States,2020-06-05,0.8333333333333333,0.8333333333333333,0.75,0.875,0.25,0.5,0.75,0.75,0.75,0.5,1.0,1.0,0.5,0.625
United States,2020-06-06,0.8333333333333333,0.8333333333333333,0.75,0.875,0.25,0.5,0.75,0.75,0.75,0.5,1.0,1.0,0.5,0.625
United States,2020-06-07,0.8333333333333333,0.8333333333333333,0.75,0.875,0.25,0.5,0.75,0.75,0.75,0.5,1.0,1.0,0.5,0.625
United States,2020-06-08,0.8333333333333333,0.8333333333333333,0.75,0.875,0.25,0.5,0.75,0.75,0.75,0.5,1.0,1.0,0.5,0.625
United States,2020-06-09,0.8333333333333333,0.8333333333333333,0.75,0.875,0.25,0.5,0.75,0.75,0.75,0.5,1.0,1.0,0.5,0.625
United States,2020-06-10,0.8333333333333333,0.8333333333333333,0.75,0.875,0.25,0.5,0.75,0.75,0.75,0.5,1.0,1.0,0.5,0.625
United States,2020-06-11,0.8333333333333333,0.8333333333333333,0.75,0.875,0.25,0.5,0.75,0.75,0.75,0.5,1.0,1.0,0.5,0.625
United States,2020-06-12,0.8333333333333333,0.8333333333333333,0.75,0.875,0.25,0.5,0.75,0.75,0.75,0.5,1.0,1.0,0.5,0.625
United States,2020-06-13,0.8333333333333333,0.8333333333333333,0.75,0.875,0.25,0.5,0.75,0.75,0.75,0.5,1.0,1.0,0.5,0.625
United States,2020-06-14,0.8333333333333333,0.8333333333333333,0.75,0.875,0.25,0.5,0.75,0.75,0.75,0.5,1.0,1.0,0.5,0.625
United States,2020-06-15,0.8333333333333333,0.7857142857142857,0.75,0.875,0.25,0.5,0.75,0.75,0.75,0.5,1.0,1.0,0.5,0.625
United States,2020-06-16,0.8333333333333333,0.7380952380952381,0.75,0.875,0.25,0.5,0.75,0.75,0.75,0.5,1.0,1.0,0.5,0.625
United States,2020-06-17,0.8333333333333333,0.6904761904761905,0.75,0.875,0.25,0.5,0.75,0.75,0.75,0.5,1.0,1.0,0.5,0.625
United States,2020-06-18,0.8333333333333333,0.6428571428571429,0.75,0.875,0.25,0.5,0.75,0.75,0.75,0.5,1.0,1.0,0.5,0.625
United States,2020-06-19,0.8333333333333333,0.5952380952380952,0.75,0.875,0.25,0.5,0.75,0.75,0.75,0.5,1.0,1.0,0.5,0.625
United States,2020-06-20,0.8333333333333333,0.5476190476190477,0.75,0.875,0.25,0.5,0.75,0.75,0.75,0.5,1.0,1.0,0.5,0.625
United States,2020-06-21,0.8333333333333333,0.5,0.75,0.875,0.25,0.5,0.75,0.75,0.75,0.5,1.0,1.0,0.5,0.625
United States,2020-06-22,0.8333333333333333,0.5,0.75,0.875,0.25,0.5,0.75,0.75,0.75,0.5,1.0,1.0,0.5,0.625
United States,2020-06-23,0.8333333333333333,0.5,0.75,0.875,0.25,0.5,0.75,0.75,0.75,0.5,1.0,1.0,0.5,0.625
United States,2020-06-24,0.8333333333333333,0.5,0.75,0.875,0.25,0.5,0.75,0.75,0.75,0.5,1.0,1.0,0.5,0.625
United States,2020-06-25,0.8333333333333333,0.5,0.75,0.875,0.25,0.5,0.75,0.75,0.75,0.5,1.0,1.0,0.5,0.625
United States,2020-06-26,0.8333333333333333,0.5,0.75,0.875,0.25,0.5,0.75,0.75,0.75,0.5,1.0,1.0,0.5,0.625
United States,2020-06-27,0.8333333333333333,0.5,0.75,0.875,0.25,0.5,0.75,0.75,0.75,0.5,1.0,1.0,0.5,0.625
United States,2020-06-28,0.8333333333333333,0.5,0.75,0.875,0.25,0.5,0.75,0.75,0.75,0.5,1.0,1.0,0.5,0.625
United States,2020-06-29,0.8333333333333333,0.5,0.75,0.875,0.25,0.5,0.75,0.75,0.75,0.5,1.0,1.0,0.5,0.625
United States,2020-06-30,0.8333333333333333,0.5,0.75,0.875,0.25,0.5,0.75,0.75,0.75,0.5,1.0,1.0,0.5,0.625
United States,2020-07-01,0.8333333333333333,0.5,0.75,0.875,0.25,0.5,0.75,0.75,0.75,0.5,1.0,1.0,0.5,0.6607142857142857
United States,2020-07-02,0.8333333333333333,0.5,0.75,0.875,0.25,0.5,0.75,0.75,0.75,0.5,1.0,1.0,0.5,0.6964285714285714
United States,2020-07-03,0.8333333333333333,0.5,0.75,0.875,0.25,0.5,0.75,0.75,0.75,0.5,1.0,1.0,0.5,0.7321428571428571
United States,2020-07-04,0.8333333333333333,0.5,0.75,0.875,0.25,0.5,0.75,0.75,0.75,0.5,1.0,1.0,0.5,0.7678571428571429
United States,2020-07-05,0.8333333333333333,0.5,0.75,0.875,0.25,0.5,0.75,0.75,0.75,0.5,1.0,1.0,0.5,0.8035714285714286
United States,2020-07-06,0.8333333333333333,0.5,0.75,0.875,0.25,0.5,0.75,0.75,0.75,0.5,1.0,1.0,0.5,0.8392857142857143
United States,2020-07-07,0.8333333333333333,0.5,0.75,0.875,0.25,0.5,0.75,0.75,0.75,0.5,1.0,1.0,0.5,0.875
United States,2020-07-08,0.8333333333333333,0.5,0.75,0.875,0.25,0.5,0.75,0.75,0.75,0.5,1.0,1.0,0.5,0.875
United States,2020-07-09,0.8333333333333333,0.5,0.75,0.875,0.25,0.5,0.75,0.75,0.75,0.5,1.0,1.0,0.5,0.875
United States,2020-07-10,0.8333333333333333,0.5,0.75,0.875,0.25,0.5,0.75,0.75,0.75,0.5,1.0,1.0,0.5,0.875
United States,2020-07-11,0.8333333333333333,0.5,0.75,0.875,0.25,0.5,0.75,0.75,0.75,0.5,1.0,1.0,0.5,0.875
United States,2020-07-12,0.8333333333333333,0.5,0.75,0.875,0.25,0.5,0.75,0.75,0.75,0.5,1.0,1.0,0.5,0.875
United States,2020-07-13,0.8333333333333333,0.5,0.75,0.875,0.25,0.5,0.75,0.75,0.75,0.5,1.0,1.0,0.5,0.875
United States,2020-07-14,0.8333333333333333,0.5,0.75,0.875,0.25,0.5,0.75,0.75,0.75,0.5,1.0,1.0,0.5,0.875
United States,2020-07-15,0.8333333333333333,0.5,0.75,0.875,0.25,0.5,0.75,0.75,0.75,0.5,1.0,1.0,0.5,0.875
United States,2020-07-16,0.8333333333333333,0.5,0.75,0.875,0.25,0.5,0.75,0.75,0.75,0.5,1.0,1.0,0.5,0.875
United States,2020-07-17,0.8333333333333333,0.5,0.75,0.875,0.25,0.5,0.75,0.75,0.75,0.5,1.0,1.0,0.5,0.875
United States,2020-07-18,0.8333333333333333,0.5,0.75,0.875,0.25,0.5,0.75,0.75,0.75,0.5,1.0,1.0,0.5,0.875
United States,2020-07-19,0.8333333333333333,0.5,0.75,0.875,0.25,0.5,0.75,0.75,0.75,0.5,1.0,1.0,0.5,0.875
United States,2020-07-20,0.8333333333333333,0.5,0.75,0.875,0.25,0.47619047619047616,0.75,0.75,0.75,0.5,1.0,1.0,0.5,0.875
United States,2020-07-21,0.8333333333333333,0.5,0.75,0.875,0.25,0.4523809523809524,0.75,0.75,0.75,0.5,1.0,1.0,0.5,0.875
United States,2020-07-22,0.8333333333333333,0.5,0.75,0.875,0.25,0.42857142857142855,0.75,0.75,0.75,0.5,1.0,1.0,0.5,0.875
United States,2020-07-23,0.8333333333333333,0.5,0.75,0.875,0.25,0.4047619047619047,0.75,0.75,0.75,0.5,1.0,1.0,0.5,0.875
United States,2020-07-24,0.8333333333333333,0.5,0.75,0.875,0.25,0.38095238095238093,0.75,0.75,0.75,0.5,1.0,1.0,0.5,0.875
United States,2020-07-25,0.8333333333333333,0.5,0.75,0.875,0.25,0.35714285714285715,0.75,0.75,0.75,0.5,1.0,1.0,0.5,0.875
United States,2020-07-26,0.8333333333333333,0.5,0.75,0.875,0.25,0.3333333333333333,0.75,0.75,0.75,0.5,1.0,1.0,0.5,0.875
United States,2020-07-27,0.8333333333333333,0.5,0.75,0.875,0.25,0.3333333333333333,0.75,0.75,0.75,0.5,1.0,1.0,0.5,0.875
United States,2020-07-28,0.8333333333333333,0.5,0.75,0.875,0.25,0.3333333333333333,0.75,0.75,0.75,0.5,1.0,1.0,0.5,0.875
United States,2020-07-29,0.8333333333333333,0.5,0.75,0.875,0.25,0.3333333333333333,0.75,0.75,0.75,0.5,1.0,1.0,0.5,0.875
United States,2020-07-30,0.8333333333333333,0.5,0.75,0.875,0.25,0.3333333333333333,0.75,0.75,0.75,0.5,1.0,1.0,0.5,0.875
United States,2020-07-31,0.8333333333333333,0.5,0.75,0.875,0.25,0.3333333333333333,0.75,0.75,0.75,0.5,1.0,1.0,0.5,0.875
United States,2020-08-01,0.8333333333333333,0.5,0.75,0.875,0.25,0.3333333333333333,0.75,0.75,0.75,0.5,1.0,1.0,0.5,0.875
United States,2020-08-02,0.8333333333333333,0.5,0.75,0.875,0.25,0.3333333333333333,0.75,0.75,0.75,0.5,1.0,1.0,0.5,0.875
United States,2020-08-03,0.8333333333333333,0.5,0.75,0.875,0.25,0.3333333333333333,0.75,0.75,0.75,0.5,1.0,1.0,0.5,0.875
United States,2020-08-04,0.8333333333333333,0.5,0.75,0.875,0.25,0.3333333333333333,0.75,0.75,0.75,0.5,1.0,1.0,0.5,0.875
United States,2020-08-05,0.8333333333333333,0.5,0.75,0.875,0.25,0.3333333333333333,0.75,0.75,0.75,0.5,1.0,1.0,0.5,0.875
United States,2020-08-06,0.8333333333333333,0.5,0.75,0.875,0.25,0.3333333333333333,0.75,0.75,0.75,0.5,1.0,1.0,0.5,0.875
United States,2020-08-07,0.8333333333333333,0.5,0.75,0.875,0.25,0.3333333333333333,0.75,0.75,0.75,0.5,1.0,1.0,0.5,0.875
United States,2020-08-08,0.8333333333333333,0.5,0.75,0.875,0.25,0.3333333333333333,0.75,0.75,0.75,0.5,1.0,1.0,0.5,0.875
United States,2020-08-09,0.8333333333333333,0.5,0.75,0.875,0.25,0.3333333333333333,0.75,0.75,0.75,0.5,1.0,1.0,0.5,0.875
United States,2020-08-10,0.8333333333333333,0.5,0.75,0.875,0.25,0.3333333333333333,0.75,0.75,0.75,0.5,1.0,1.0,0.5,0.875
United States,2020-08-11,0.8333333333333333,0.5,0.75,0.875,0.25,0.3333333333333333,0.75,0.75,0.75,0.5,1.0,1.0,0.5,0.875
United States,2020-08-12,0.8333333333333333,0.5,0.75,0.875,0.25,0.3333333333333333,0.75,0.75,0.75,0.5,1.0,1.0,0.5,0.875
United States,2020-08-13,0.8333333333333333,0.5,0.75,0.875,0.25,0.3333333333333333,0.75,0.75,0.75,0.5,1.0,1.0,0.5,0.875
United States,2020-08-14,0.8333333333333333,0.5,0.75,0.875,0.25,0.3333333333333333,0.75,0.75,0.75,0.5,1.0,1.0,0.5,0.875
United States,2020-08-15,0.8333333333333333,0.5,0.75,0.875,0.25,0.3333333333333333,0.75,0.75,0.75,0.5,1.0,1.0,0.5,0.875
United States,2020-08-16,0.8333333333333333,0.5,0.75,0.875,0.25,0.3333333333333333,0.75,0.75,0.75,0.5,1.0,1.0,0.5,0.875
United States,2020-08-17,0.8333333333333333,0.5,0.75,0.875,0.25,0.3333333333333333,0.75,0.75,0.75,0.5,1.0,1.0,0.5,0.875
United States,2020-08-18,0.8333333333333333,0.5,0.75,0.875,0.25,0.3333333333333333,0.75,0.75,0.75,0.5,1.0,1.0,0.5,0.875
United States,2020-08-19,0.8333333333333333,0.5,0.75,0.875,0.25,0.3333333333333333,0.75,0.75,0.75,0.5,1.0,1.0,0.5,0.875
United States,2020-08-20,0.8333333333333333,0.5,0.75,0.875,0.25,0.3333333333333333,0.75,0.75,0.75,0.5,1.0,1.0,0.5,0.875
United States,2020-08-21,0.8333333333333333,0.5,0.75,0.875,0.25,0.3333333333333333,0.75,0.75,0.75,0.5,1.0,1.0,0.5,0.875
United States,2020-08-22,0.8333333333333333,0.5,0.75,0.875,0.25,0.3333333333333333,0.75,0.75,0.75,0.5,1.0,1.0,0.5,0.875
United States,2020-08-23,0.8333333333333333,0.5,0.75,0.875,0.25,0.3333333333333333,0.75,0.75,0.75,0.5,1.0,1.0,0.5,0.875
United States,2020-08-24,0.8333333333333333,0.5,0.75,0.875,0.25,0.3333333333333333,0.75,0.75,0.75,0.5,1.0,1.0,0.5,0.875
United States,2020-08-25,0.8333333333333333,0.5,0.75,0.875,0.25,0.3333333333333333,0.75,0.75,0.75,0.5,1.0,1.0,0.5,0.875
United States,2020-08-26,0.8333333333333333,0.5,0.75,0.875,0.25,0.3333333333333333,0.75,0.75,0.75,0.5,1.0,1.0,0.5,0.875
United States,2020-08-27,0.8333333333333333,0.5,0.75,0.875,0.25,0.3333333333333333,0.75,0.75,0.75,0.5,1.0,1.0,0.5,0.875
United States,2020-08-28,0.8333333333333333,0.5,0.75,0.875,0.25,0.3333333333333333,0.75,0.75,0.75,0.5,1.0,1.0,0.5,0.875
United States,2020-08-29,0.8333333333333333,0.5,0.75,0.875,0.25,0.3333333333333333,0.75,0.75,0.75,0.5,1.0,1.0,0.5,0.875
United States,2020-08-30,0.8333333333333333,0.5,0.75,0.875,0.25,0.3333333333333333,0.75,0.75,0.75,0.5,1.0,1.0,0.5,0.875
United States,2020-08-31,0.8333333333333333,0.5,0.75,0.875,0.25,0.3333333333333333,0.75,0.75,0.75,0.5,1.0,1.0,0.5,0.875
United States,2020-09-01,0.8333333333333333,0.5,0.75,0.875,0.25,0.3333333333333333,0.75,0.75,0.75,0.5,1.0,1.0,0.5,0.875
United States,2020-09-02,0.8333333333333333,0.5,0.75,0.875,0.25,0.3333333333333333,0.75,0.75,0.75,0.5,1.0,1.0,0.5,0.875
United States,2020-09-03,0.8333333333333333,0.5,0.75,0.875,0.25,0.3333333333333333,0.75,0.75,0.75,0.5,1.0,1.0,0.5,0.875
United States,2020-09-04,0.8333333333333333,0.5,0.75,0.875,0.25,0.3333333333333333,0.75,0.75,0.75,0.5,1.0,1.0,0.5,0.875
United States,2020-09-05,0.8333333333333333,0.5,0.75,0.875,0.25,0.3333333333333333,0.75,0.75,0.75,0.5,1.0,1.0,0.5,0.875
United States,2020-09-06,0.8333333333333333,0.5,0.75,0.875,0.25,0.3333333333333333,0.75,0.75,0.75,0.5,1.0,1.0,0.5,0.875
United States,2020-09-07,0.8333333333333333,0.5,0.75,0.875,0.25,0.3333333333333333,0.75,0.75,0.75,0.5,1.0,1.0,0.5,0.875
United States,2020-09-08,0.8333333333333333,0.5,0.75,0.875,0.25,0.3333333333333333,0.75,0.75,0.75,0.5,1.0,1.0,0.5,0.875
United States,2020-09-09,0.8333333333333333,0.5,0.75,0.875,0.25,0.3333333333333333,0.75,0.75,0.75,0.5,1.0,1.0,0.5,0.875
United States,2020-09-10,0.8333333333333333,0.5,0.75,0.875,0.25,0.3333333333333333,0.75,0.75,0.75,0.5,1.0,1.0,0.5,0.875
United States,2020-09-11,0.8333333333333333,0.5,0.75,0.875,0.25,0.3333333333333333,0.75,0.75,0.75,0.5,1.0,1.0,0.5,0.875
United States,2020-09-12,0.8333333333333333,0.5,0.75,0.8392857142857143,0.25,0.3095238095238095,0.75,0.75,0.75,0.5,1.0,1.0,0.5,0.875
United States,2020-09-13,0.8333333333333333,0.5,0.75,0.8035714285714286,0.25,0.2857142857142857,0.75,0.75,0.75,0.5,1.0,1.0,0.5,0.875
United States,2020-09-14,0.8333333333333333,0.5,0.75,0.7678571428571429,0.25,0.26190476190476186,0.75,0.75,0.75,0.5,1.0,1.0,0.5,0.875
United States,2020-09-15,0.8333333333333333,0.5,0.75,0.7321428571428571,0.25,0.23809523809523808,0.75,0.75,0.75,0.5,1.0,1.0,0.5,0.875
United States,2020-09-16,0.8333333333333333,0.5,0.75,0.6964285714285714,0.25,0.21428571428571425,0.75,0.75,0.75,0.5,1.0,1.0,0.5,0.875
United States,2020-09-17,0.8333333333333333,0.5,0.75,0.6607142857142857,0.25,0.19047619047619047,0.75,0.75,0.75,0.5,1.0,1.0,0.5,0.875
United States,2020-09-18,0.8333333333333333,0.5,0.75,0.625,0.25,0.16666666666666666,0.75,0.75,0.75,0.5,1.0,1.0,0.5,0.875
United States,2020-09-19,0.8333333333333333,0.5,0.75,0.625,0.25,0.16666666666666666,0.75,0.75,0.75,0.5,1.0,1.0,0.5,0.875
United States,2020-09-20,0.8333333333333333,0.5,0.75,0.625,0.25,0.16666666666666666,0.75,0.75,0.75,0.5,1.0,1.0,0.5,0.875
United States,2020-09-21,0.8333333333333333,0.5,0.75,0.625,0.25,0.16666666666666666,0.75,0.75,0.75,0.5,1.0,1.0,0.5,0.875
United States,2020-09-22,0.8333333333333333,0.5,0.75,0.625,0.25,0.16666666666666666,0.75,0.75,0.75,0.5,1.0,1.0,0.5,0.875
United States,2020-09-23,0.8333333333333333,0.5,0.75,0.625,0.25,0.16666666666666666,0.75,0.75,0.75,0.5,1.0,1.0,0.5,0.875
United States,2020-09-24,0.8333333333333333,0.5,0.75,0.625,0.25,0.16666666666666666,0.75,0.75,0.75,0.5,1.0,1.0,0.5,0.875
United States,2020-09-25,0.8333333333333333,0.5,0.75,0.625,0.25,0.16666666666666666,0.75,0.75,0.75,0.5,1.0,1.0,0.5,0.875
United States,2020-09-26,0.8333333333333333,0.5,0.75,0.625,0.25,0.16666666666666666,0.75,0.75,0.75,0.5,1.0,1.0,0.5,0.875
United States,2020-09-27,0.8333333333333333,0.5,0.75,0.625,0.25,0.16666666666666666,0.75,0.75,0.75,0.5,1.0,1.0,0.5,0.875
United States,2020-09-28,0.8333333333333333,0.5,0.75,0.625,0.25,0.16666666666666666,0.75,0.75,0.75,0.5,1.0,1.0,0.5,0.875
United States,2020-09-29,0.8333333333333333,0.5,0.75,0.625,0.25,0.16666666666666666,0.75,0.75,0.75,0.5,1.0,1.0,0.5,0.875
United States,2020-09-30,0.8333333333333333,0.5,0.75,0.625,0.25,0.16666666666666666,0.75,0.75,0.75,0.5,1.0,1.0,0.5,0.875
United States,2020-10-01,0.8333333333333333,0.5,0.75,0.625,0.25,0.16666666666666666,0.75,0.75,0.75,0.5,1.0,1.0,0.5,0.875
United States,2020-10-02,0.8333333333333333,0.5,0.75,0.625,0.25,0.16666666666666666,0.75,0.75,0.75,0.5,1.0,1.0,0.5,0.875
United States,2020-10-03,0.8333333333333333,0.5,0.75,0.625,0.25,0.16666666666666666,0.75,0.75,0.75,0.5,1.0,1.0,0.5,0.875
United States,2020-10-04,0.8333333333333333,0.5,0.75,0.625,0.25,0.16666666666666666,0.75,0.75,0.75,0.5,1.0,1.0,0.5,0.875
United States,2020-10-05,0.8333333333333333,0.5,0.75,0.625,0.25,0.16666666666666666,0.75,0.75,0.75,0.5,1.0,1.0,0.5,0.875
United States,2020-10-06,0.8333333333333333,0.5,0.75,0.625,0.25,0.16666666666666666,0.75,0.75,0.75,0.5,1.0,1.0,0.5,0.875
United States,2020-10-07,0.8333333333333333,0.5,0.75,0.625,0.25,0.16666666666666666,0.75,0.75,0.75,0.5,1.0,1.0,0.5,0.875
United States,2020-10-08,0.8333333333333333,0.5,0.75,0.625,0.25,0.16666666666666666,0.75,0.75,0.75,0.5,1.0,1.0,0.5,0.875
United States,2020-10-09,0.8333333333333333,0.5,0.75,0.625,0.25,0.16666666666666666,0.75,0.75,0.75,0.5,1.0,1.0,0.5,0.875
United States,2020-10-10,0.8333333333333333,0.5,0.75,0.625,0.25,0.16666666666666666,0.75,0.75,0.75,0.5,1.0,1.0,0.5,0.875
United States,2020-10-11,0.8333333333333333,0.5,0.75,0.625,0.25,0.16666666666666666,0.75,0.75,0.75,0.5,1.0,1.0,0.5,0.875
United States,2020-10-12,0.8333333333333333,0.5,0.75,0.625,0.25,0.16666666666666666,0.75,0.75,0.75,0.5,1.0,1.0,0.5,0.875
United States,2020-10-13,0.8333333333333333,0.5,0.75,0.625,0.25,0.21428571428571427,0.75,0.75,0.75,0.5,1.0,1.0,0.5,0.875
United States,2020-10-14,0.8333333333333333,0.5,0.75,0.625,0.25,0.261904761904762,0.75,0.75,0.75,0.5,1.0,1.0,0.5,0.875
United States,2020-10-15,0.8333333333333333,0.5,0.75,0.625,0.25,0.3095238095238095,0.75,0.75,0.75,0.5,1.0,1.0,0.5,0.875
United States,2020-10-16,0.8333333333333333,0.5,0.75,0.625,0.25,0.3571428571428571,0.75,0.75,0.75,0.5,1.0,1.0,0.5,0.875
United States,2020-10-17,0.8333333333333333,0.5,0.75,0.625,0.25,0.4047619047619047,0.75,0.75,0.75,0.5,1.0,1.0,0.5,0.875
United States,2020-10-18,0.8333333333333333,0.5,0.75,0.625,0.25,0.4523809523809524,0.75,0.75,0.75,0.5,1.0,1.0,0.5,0.875
United States,2020-10-19,0.8333333333333333,0.5,0.75,0.625,0.25,0.5,0.75,0.75,0.75,0.5,1.0,1.0,0.5,0.875
United States,2020-10-20,0.8333333333333333,0.5,0.75,0.625,0.25,0.5,0.75,0.75,0.75,0.5,1.0,1.0,0.5,0.875
United States,2020-10-21,0.8333333333333333,0.5,0.75,0.625,0.25,0.5,0.75,0.75,0.75,0.5,1.0,1.0,0.5,0.875
United States,2020-10-22,0.8333333333333333,0.5,0.75,0.625,0.25,0.5,0.75,0.75,0.75,0.5,1.0,1.0,0.5,0.875
United States,2020-10-23,0.8333333333333333,0.5,0.75,0.625,0.25,0.5,0.75,0.75,0.75,0.5,1.0,1.0,0.5,0.875
United States,2020-10-24,0.8333333333333333,0.5,0.75,0.625,0.25,0.5,0.75,0.75,0.75,0.5,1.0,1.0,0.5,0.875
United States,2020-10-25,0.8333333333333333,0.5,0.75,0.625,0.25,0.5,0.75,0.75,0.75,0.5,1.0,1.0,0.5,0.875
United States,2020-10-26,0.8333333333333333,0.5,0.75,0.625,0.25,0.4523809523809524,0.75,0.75,0.75,0.5,1.0,1.0,0.5,0.875
United States,2020-10-27,0.8333333333333333,0.5,0.75,0.625,0.25,0.4047619047619047,0.75,0.75,0.75,0.5,1.0,1.0,0.5,0.875
United States,2020-10-28,0.8333333333333333,0.5,0.75,0.625,0.25,0.35714285714285715,0.75,0.75,0.75,0.5,1.0,1.0,0.5,0.875
United States,2020-10-29,0.8333333333333333,0.5,0.75,0.625,0.25,0.3095238095238095,0.75,0.75,0.75,0.5,1.0,1.0,0.5,0.875
United States,2020-10-30,0.8333333333333333,0.5,0.75,0.625,0.25,0.2619047619047619,0.75,0.75,0.75,0.5,1.0,1.0,0.5,0.875
United States,2020-10-31,0.8333333333333333,0.5,0.75,0.625,0.25,0.21428571428571427,0.75,0.75,0.75,0.5,1.0,1.0,0.5,0.875
United States,2020-11-01,0.8333333333333333,0.5,0.75,0.625,0.25,0.16666666666666666,0.75,0.75,0.75,0.5,1.0,1.0,0.5,0.875
United States,2020-11-02,0.8333333333333333,0.5,0.75,0.625,0.25,0.16666666666666666,0.75,0.75,0.75,0.5,1.0,1.0,0.5,0.875
United States,2020-11-03,0.8333333333333333,0.5,0.75,0.625,0.25,0.16666666666666666,0.75,0.75,0.75,0.5,1.0,1.0,0.5,0.875
United States,2020-11-04,0.8333333333333333,0.5,0.75,0.625,0.25,0.16666666666666666,0.75,0.75,0.75,0.5,1.0,1.0,0.5,0.875
United States,2020-11-05,0.8333333333333333,0.5,0.75,0.625,0.25,0.16666666666666666,0.75,0.75,0.75,0.5,1.0,1.0,0.5,0.875
United States,2020-11-06,0.8333333333333333,0.5,0.75,0.625,0.25,0.16666666666666666,0.75,0.75,0.75,0.5,1.0,1.0,0.5,0.875
United States,2020-11-07,0.8333333333333333,0.5,0.75,0.625,0.25,0.16666666666666666,0.75,0.75,0.75,0.5,1.0,1.0,0.5,0.875
United States,2020-11-08,0.8333333333333333,0.5,0.75,0.625,0.25,0.16666666666666666,0.75,0.75,0.75,0.5,1.0,1.0,0.5,0.875
United States,2020-11-09,0.8333333333333333,0.5,0.75,0.625,0.2857142857142857,0.16666666666666666,0.75,0.75,0.75,0.5,1.0,1.0,0.5,0.875
United States,2020-11-10,0.8333333333333333,0.5,0.75,0.625,0.32142857142857145,0.16666666666666666,0.75,0.75,0.75,0.5,1.0,1.0,0.5,0.875
United States,2020-11-11,0.8333333333333333,0.5,0.75,0.625,0.35714285714285715,0.16666666666666666,0.75,0.75,0.75,0.5,1.0,1.0,0.5,0.875
United States,2020-11-12,0.8333333333333333,0.5,0.75,0.625,0.39285714285714285,0.16666666666666666,0.75,0.75,0.75,0.5,1.0,1.0,0.5,0.875
United States,2020-11-13,0.8333333333333333,0.5,0.75,0.625,0.42857142857142855,0.16666666666666666,0.75,0.75,0.75,0.5,1.0,1.0,0.5,0.875
United States,2020-11-14,0.8333333333333333,0.5,0.75,0.625,0.4642857142857143,0.16666666666666666,0.75,0.75,0.75,0.5,1.0,1.0,0.5,0.875
United States,2020-11-15,0.8333333333333333,0.5,0.75,0.625,0.5,0.16666666666666666,0.75,0.75,0.75,0.5,1.0,1.0,0.5,0.875
United States,2020-11-16,0.8333333333333333,0.5476190476190477,0.75,0.6607142857142857,0.5,0.21428571428571427,0.75,0.75,0.75,0.5,1.0,1.0,0.5,0.875
United States,2020-11-17,0.8333333333333333,0.5952380952380952,0.75,0.6964285714285714,0.5,0.261904761904762,0.75,0.75,0.75,0.5,1.0,1.0,0.5,0.875
United States,2020-11-18,0.8333333333333333,0.6428571428571429,0.75,0.7321428571428571,0.5,0.3095238095238095,0.75,0.75,0.75,0.5,1.0,1.0,0.5,0.875
United States,2020-11-19,0.8333333333333333,0.6904761904761906,0.75,0.7678571428571429,0.5,0.3571428571428571,0.75,0.75,0.75,0.5,1.0,1.0,0.5,0.875
United States,2020-11-20,0.8333333333333333,0.7380952380952381,0.75,0.8035714285714286,0.5,0.4047619047619047,0.75,0.75,0.75,0.5,1.0,1.0,0.5,0.875
United States,2020-11-21,0.8333333333333333,0.7857142857142857,0.75,0.8392857142857143,0.5,0.4523809523809524,0.75,0.75,0.75,0.5,1.0,1.0,0.5,0.875
United States,2020-11-22,0.8333333333333333,0.8333333333333333,0.75,0.875,0.5,0.5,0.75,0.75,0.75,0.5,1.0,1.0,0.5,0.875
United States,2020-11-23,0.8333333333333333,0.8333333333333333,0.75,0.875,0.5,0.5,0.75,0.75,0.75,0.5,1.0,1.0,0.5,0.875
United States,2020-11-24,0.8333333333333333,0.8333333333333333,0.75,0.875,0.5,0.5,0.75,0.75,0.75,0.5,1.0,1.0,0.5,0.875
United States,2020-11-25,0.8333333333333333,0.8333333333333333,0.75,0.875,0.5,0.5,0.75,0.75,0.75,0.5,1.0,1.0,0.5,0.875
United States,2020-11-26,0.8333333333333333,0.8333333333333333,0.75,0.875,0.5,0.5,0.75,0.75,0.75,0.5,1.0,1.0,0.5,0.875
United States,2020-11-27,0.8333333333333333,0.8333333333333333,0.75,0.875,0.5,0.5,0.75,0.75,0.75,0.5,1.0,1.0,0.5,0.875
United States,2020-11-28,0.8333333333333333,0.8333333333333333,0.75,0.875,0.5,0.5,0.75,0.75,0.75,0.5,1.0,1.0,0.5,0.875
United States,2020-11-29,0.8333333333333333,0.8333333333333333,0.75,0.875,0.5,0.5,0.75,0.75,0.75,0.5,1.0,1.0,0.5,0.875
United States,2020-11-30,0.8333333333333333,0.8333333333333333,0.75,0.875,0.5,0.5,0.75,0.75,0.75,0.5,1.0,1.0,0.5,0.875
United States,2020-12-01,0.8333333333333333,0.8333333333333333,0.75,0.875,0.5,0.5,0.75,0.75,0.75,0.5,1.0,1.0,0.5,0.875
United States,2020-12-02,0.8333333333333333,0.7857142857142857,0.75,0.875,0.5,0.5,0.75,0.75,0.75,0.5,1.0,1.0,0.5,0.875
United States,2020-12-03,0.8333333333333333,0.7380952380952381,0.75,0.875,0.5,0.5,0.75,0.75,0.75,0.5,1.0,1.0,0.5,0.875
United States,2020-12-04,0.8333333333333333,0.6904761904761905,0.75,0.875,0.5,0.5,0.75,0.75,0.75,0.5,1.0,1.0,0.5,0.875
United States,2020-12-05,0.8333333333333333,0.6428571428571429,0.75,0.875,0.5,0.5,0.75,0.75,0.75,0.5,1.0,1.0,0.5,0.875
United States,2020-12-06,0.8333333333333333,0.5952380952380952,0.75,0.875,0.5,0.5,0.75,0.75,0.75,0.5,1.0,1.0,0.5,0.875
United States,2020-12-07,0.8333333333333333,0.5476190476190477,0.75,0.875,0.5,0.5,0.75,0.75,0.75,0.5,1.0,1.0,0.5,0.875
United States,2020-12-08,0.8333333333333333,0.5,0.75,0.875,0.5,0.5,0.75,0.75,0.75,0.5,1.0,1.0,0.5,0.875
United States,2020-12-09,0.8333333333333333,0.5,0.75,0.875,0.5,0.5,0.75,0.75,0.75,0.5,1.0,1.0,0.5,0.875
United States,2020-12-10,0.8333333333333333,0.5,0.75,0.875,0.5,0.5,0.75,0.75,0.75,0.5,1.0,1.0,0.5,0.875
United States,2020-12-11,0.8333333333333333,0.5,0.75,0.875,0.5,0.5,0.75,0.75,0.75,0.5,1.0,1.0,0.5,0.875
United States,2020-12-12,0.8333333333333333,0.5,0.75,0.875,0.5,0.5,0.75,0.75,0.75,0.5,1.0,1.0,0.5,0.875
United States,2020-12-13,0.8333333333333333,0.5,0.75,0.875,0.5,0.5,0.75,0.75,0.75,0.5,1.0,1.0,0.5,0.875
United States,2020-12-14,0.8333333333333333,0.5,0.75,0.875,0.5,0.5,0.75,0.75,0.75,0.5,1.0,1.0,0.5,0.875
United States,2020-12-15,0.8333333333333333,0.5,0.75,0.875,0.5,0.5,0.75,0.75,0.75,0.5,1.0,1.0,0.5,0.875
United States,2020-12-16,0.8333333333333333,0.5,0.75,0.875,0.5,0.5,0.75,0.75,0.75,0.5,1.0,1.0,0.5,0.875
United States,2020-12-17,0.8333333333333333,0.5,0.75,0.875,0.5,0.5,0.75,0.75,0.75,0.5,1.0,1.0,0.5,0.875
United States,2020-12-18,0.8333333333333333,0.5,0.75,0.875,0.5,0.5,0.75,0.75,0.75,0.5,1.0,1.0,0.5,0.875
United States,2020-12-19,0.8333333333333333,0.5,0.75,0.875,0.5,0.5,0.75,0.75,0.75,0.5,1.0,1.0,0.5,0.875
United States,2020-12-20,0.8333333333333333,0.5,0.75,0.875,0.5,0.5,0.75,0.75,0.75,0.5,1.0,1.0,0.5,0.875
United States,2020-12-21,0.8333333333333333,0.5,0.75,0.875,0.5,0.5,0.75,0.75,0.75,0.5,1.0,1.0,0.5,0.875
United States,2020-12-22,0.8333333333333333,0.5,0.75,0.875,0.5,0.5,0.75,0.75,0.75,0.5,1.0,1.0,0.5,0.875
United States,2020-12-23,0.8333333333333333,0.5,0.75,0.875,0.5,0.5,0.75,0.75,0.75,0.5,1.0,1.0,0.5,0.875
United States,2020-12-24,0.8333333333333333,0.5,0.75,0.875,0.5,0.5,0.75,0.75,0.75,0.5,1.0,1.0,0.5,0.875
United States,2020-12-25,0.8333333333333333,0.5,0.75,0.875,0.5,0.5,0.75,0.75,0.75,0.5,1.0,1.0,0.5,0.875
United States,2020-12-26,0.8333333333333333,0.5,0.75,0.875,0.5,0.5,0.75,0.75,0.75,0.5,1.0,1.0,0.5,0.875
United States,2020-12-27,0.8333333333333333,0.5,0.75,0.875,0.5,0.5,0.75,0.75,0.75,0.5,1.0,1.0,0.5,0.875
United States,2020-12-28,0.8333333333333333,0.5,0.75,0.875,0.5,0.5,0.75,0.75,0.75,0.5,1.0,1.0,0.5,0.875
United States,2020-12-29,0.8333333333333333,0.5,0.75,0.875,0.5,0.5,0.75,0.75,0.75,0.5,1.0,1.0,0.5,0.875
United States,2020-12-30,0.8333333333333333,0.5,0.75,0.875,0.5,0.5,0.75,0.75,0.75,0.5,1.0,1.0,0.5,0.875
United States,2020-12-31,0.8333333333333333,0.5,0.75,0.875,0.5,0.5,0.75,0.75,0.75,0.5,1.0,1.0,0.5,0.875
United States,2021-01-01,0.8333333333333333,0.5,0.75,0.875,0.5,0.5,0.75,0.75,0.75,0.5,1.0,1.0,0.5,0.875
United States,2021-01-02,0.8333333333333333,0.5,0.75,0.875,0.5,0.5,0.75,0.75,0.75,0.5,1.0,1.0,0.5,0.875
United States,2021-01-03,0.8333333333333333,0.5,0.75,0.875,0.5,0.5,0.75,0.75,0.75,0.5,1.0,1.0,0.5,0.875
United States,2021-01-04,0.8333333333333333,0.5,0.75,0.875,0.5,0.5,0.75,0.75,0.75,0.5,1.0,1.0,0.5,0.875
United States,2021-01-05,0.8333333333333333,0.5,0.75,0.875,0.5,0.5,0.75,0.75,0.75,0.5,1.0,1.0,0.5,0.875
United States,2021-01-06,0.8333333333333333,0.5,0.75,0.875,0.5,0.5,0.75,0.75,0.75,0.5,1.0,1.0,0.5,0.875
United States,2021-01-07,0.8333333333333333,0.5,0.75,0.875,0.5,0.5,0.75,0.75,0.75,0.5,1.0,1.0,0.5,0.875
United States,2021-01-08,0.8333333333333333,0.5,0.75,0.875,0.5,0.5,0.75,0.75,0.75,0.5,1.0,1.0,0.5,0.875
United States,2021-01-09,0.8333333333333333,0.5,0.75,0.875,0.5,0.5,0.75,0.75,0.75,0.5,1.0,1.0,0.5,0.875
United States,2021-01-10,0.8333333333333333,0.5,0.75,0.875,0.5,0.5,0.75,0.75,0.75,0.5,1.0,1.0,0.5,0.875
United States,2021-01-11,0.8333333333333333,0.5,0.75,0.875,0.5,0.5,0.75,0.75,0.75,0.5,1.0,1.0,0.5,0.875
United States,2021-01-12,0.8333333333333333,0.5,0.75,0.875,0.5,0.5,0.75,0.75,0.75,0.5,1.0,1.0,0.5,0.875
United States,2021-01-13,0.8333333333333333,0.5,0.75,0.875,0.5,0.5,0.75,0.75,0.75,0.5,1.0,1.0,0.5,0.875
United States,2021-01-14,0.8333333333333333,0.5,0.75,0.875,0.5,0.5,0.75,0.75,0.75,0.5,1.0,1.0,0.5,0.875
United States,2021-01-15,0.8333333333333333,0.5,0.75,0.875,0.5,0.5,0.75,0.75,0.75,0.5,1.0,1.0,0.5,0.875
United States,2021-01-16,0.8333333333333333,0.5,0.75,0.875,0.5,0.5,0.75,0.75,0.75,0.5,1.0,1.0,0.5,0.875
United States,2021-01-17,0.8333333333333333,0.5,0.75,0.875,0.5,0.5,0.75,0.75,0.75,0.5,1.0,1.0,0.5,0.875
United States,2021-01-18,0.8333333333333333,0.5,0.75,0.875,0.5,0.5,0.75,0.75,0.75,0.5,1.0,1.0,0.5,0.875
United States,2021-01-19,0.8333333333333333,0.5,0.75,0.875,0.5,0.5,0.75,0.75,0.75,0.5,1.0,1.0,0.5,0.875
United States,2021-01-20,0.8333333333333333,0.5,0.75,0.875,0.5,0.5,0.75,0.75,0.75,0.5,1.0,1.0,0.5,0.875
United States,2021-01-21,0.8333333333333333,0.5,0.75,0.875,0.5,0.5,0.75,0.75,0.75,0.5,1.0,1.0,0.5,0.875
United States,2021-01-22,0.8333333333333333,0.5,0.75,0.875,0.5,0.5,0.75,0.75,0.75,0.5,1.0,1.0,0.5,0.875
United States,2021-01-23,0.8333333333333333,0.5,0.75,0.875,0.5,0.5,0.75,0.75,0.75,0.5,1.0,1.0,0.5,0.875
United States,2021-01-24,0.8333333333333333,0.5,0.75,0.875,0.5,0.5,0.75,0.75,0.75,0.5,1.0,1.0,0.5,0.875
United States,2021-01-25,0.8333333333333333,0.5,0.75,0.875,0.5,0.5,0.75,0.75,0.75,0.5,1.0,1.0,0.5,0.875
United States,2021-01-26,0.8333333333333333,0.5,0.75,0.875,0.5,0.5,0.75,0.75,0.75,0.5,1.0,1.0,0.5,0.875
United States,2021-01-27,0.8333333333333333,0.5,0.75,0.875,0.5,0.5,0.75,0.75,0.75,0.5,1.0,1.0,0.5,0.875
United States,2021-01-28,0.8333333333333333,0.5,0.75,0.875,0.5,0.5,0.75,0.75,0.75,0.5,1.0,1.0,0.5,0.875
United States,2021-01-29,0.8333333333333333,0.5,0.75,0.875,0.5,0.5,0.75,0.75,0.75,0.5,1.0,1.0,0.5,0.875
United States,2021-01-30,0.8333333333333333,0.5,0.75,0.875,0.5,0.5,0.75,0.75,0.75,0.5,1.0,1.0,0.5,0.875
United States,2021-01-31,0.8333333333333333,0.5,0.75,0.875,0.5,0.5,0.75,0.75,0.75,0.5,1.0,1.0,0.5,0.875
United States,2021-02-01,0.8333333333333333,0.5,0.75,0.875,0.5,0.5,0.75,0.75,0.75,0.5,1.0,1.0,0.5,0.875
United States,2021-02-02,0.8333333333333333,0.5,0.75,0.875,0.5,0.5,0.75,0.75,0.75,0.5,1.0,1.0,0.5,0.875
United States,2021-02-03,0.8333333333333333,0.5,0.75,0.875,0.5,0.5,0.75,0.75,0.75,0.5,1.0,1.0,0.5,0.875
United States,2021-02-04,0.8333333333333333,0.5,0.75,0.875,0.5,0.5,0.75,0.75,0.75,0.5,1.0,1.0,0.5,0.875
United States,2021-02-05,0.8333333333333333,0.5,0.75,0.875,0.5,0.5,0.75,0.75,0.75,0.5,1.0,1.0,0.5,0.875
United States,2021-02-06,0.8333333333333333,0.5,0.75,0.875,0.5,0.5,0.75,0.75,0.75,0.5,1.0,1.0,0.5,0.875
United States,2021-02-07,0.8333333333333333,0.5,0.75,0.875,0.5,0.5,0.75,0.75,0.75,0.5,1.0,1.0,0.5,0.875
United States,2021-02-08,0.8333333333333333,0.5,0.75,0.875,0.5,0.5,0.75,0.75,0.75,0.5,1.0,1.0,0.5,0.875
United States,2021-02-09,0.8333333333333333,0.5,0.75,0.875,0.5,0.5,0.75,0.75,0.75,0.5,1.0,1.0,0.5,0.875
United States,2021-02-10,0.8333333333333333,0.5,0.75,0.875,0.5,0.5,0.75,0.75,0.75,0.5,1.0,1.0,0.5,0.875
United States,2021-02-11,0.8333333333333333,0.5,0.75,0.875,0.5,0.5,0.75,0.75,0.75,0.5,1.0,1.0,0.5,0.875
United States,2021-02-12,0.8333333333333333,0.5,0.75,0.875,0.5,0.5,0.75,0.75,0.75,0.5,1.0,1.0,0.5,0.875
United States,2021-02-13,0.8333333333333333,0.5,0.75,0.875,0.5,0.5,0.75,0.75,0.75,0.5,1.0,1.0,0.5,0.875
United States,2021-02-14,0.8333333333333333,0.5,0.75,0.875,0.5,0.5,0.75,0.75,0.75,0.5,1.0,1.0,0.5,0.875
United States,2021-02-15,0.8333333333333333,0.5,0.75,0.875,0.5,0.5,0.75,0.75,0.75,0.5,1.0,1.0,0.5,0.875
United States,2021-02-16,0.8333333333333333,0.5,0.75,0.875,0.5,0.5,0.75,0.75,0.75,0.5,1.0,1.0,0.5,0.875
United States,2021-02-17,0.8333333333333333,0.5,0.75,0.875,0.5,0.5,0.75,0.75,0.75,0.5,1.0,1.0,0.5,0.875
United States,2021-02-18,0.8333333333333333,0.5,0.75,0.875,0.5,0.5,0.75,0.75,0.75,0.5,1.0,1.0,0.5,0.875
United States,2021-02-19,0.8333333333333333,0.5,0.75,0.875,0.5,0.5,0.75,0.75,0.75,0.5,1.0,1.0,0.5,0.875
United States,2021-02-20,0.8333333333333333,0.5,0.75,0.875,0.5,0.5,0.75,0.75,0.75,0.5,1.0,1.0,0.5,0.875
United States,2021-02-21,0.8333333333333333,0.5,0.75,0.875,0.5,0.5,0.75,0.75,0.75,0.5,1.0,1.0,0.5,0.875
United States,2021-02-22,0.8333333333333333,0.5,0.75,0.875,0.5,0.5,0.75,0.75,0.75,0.5,1.0,1.0,0.5,0.875
United States,2021-02-23,0.8333333333333333,0.5,0.75,0.875,0.5,0.5,0.75,0.75,0.75,0.5,1.0,1.0,0.5,0.875
United States,2021-02-24,0.8333333333333333,0.5,0.75,0.875,0.5,0.5,0.75,0.75,0.75,0.5,1.0,1.0,0.5,0.875
United States,2021-02-25,0.8333333333333333,0.5,0.75,0.875,0.5,0.5,0.75,0.75,0.75,0.5,1.0,1.0,0.5,0.875
United States,2021-02-26,0.8333333333333333,0.5,0.75,0.875,0.5,0.5,0.75,0.75,0.75,0.5,1.0,1.0,0.5,0.875
United States,2021-02-27,0.8333333333333333,0.5,0.75,0.875,0.5,0.5,0.75,0.75,0.75,0.5,1.0,1.0,0.5,0.875
United States,2021-02-28,0.8333333333333333,0.5,0.75,0.875,0.5,0.5,0.75,0.75,0.75,0.5,1.0,1.0,0.5,0.875
United States,2021-03-01,0.8333333333333333,0.5,0.75,0.875,0.5,0.5,0.75,0.75,0.75,0.5,1.0,1.0,0.5,0.875
United States,2021-03-02,0.8333333333333333,0.5,0.75,0.875,0.5,0.5,0.75,0.75,0.75,0.5,1.0,1.0,0.5,0.875
United States,2021-03-03,0.8333333333333333,0.5,0.75,0.875,0.5,0.5,0.75,0.75,0.75,0.5,1.0,1.0,0.5,0.875
United States,2021-03-04,0.8333333333333333,0.5,0.75,0.875,0.5,0.5,0.75,0.75,0.75,0.5,1.0,1.0,0.5,0.875
United States,2021-03-05,0.8333333333333333,0.5,0.75,0.875,0.5,0.5,0.75,0.75,0.75,0.5,1.0,1.0,0.5,0.875
United States,2021-03-06,0.8333333333333333,0.5,0.75,0.875,0.5,0.5,0.75,0.75,0.75,0.5,1.0,1.0,0.5,0.875
United States,2021-03-07,0.8333333333333333,0.5,0.75,0.875,0.5,0.5,0.75,0.75,0.75,0.5,1.0,1.0,0.5,0.875
United States,2021-03-08,0.8333333333333333,0.5,0.75,0.875,0.5,0.5,0.75,0.75,0.75,0.5,1.0,1.0,0.5,0.875
United States,2021-03-09,0.8333333333333333,0.5,0.75,0.875,0.5,0.5,0.75,0.75,0.75,0.5,1.0,1.0,0.5,0.875
United States,2021-03-10,0.8333333333333333,0.5,0.75,0.875,0.5,0.5,0.75,0.75,0.75,0.5,1.0,1.0,0.5,0.875
United States,2021-03-11,0.8333333333333333,0.5,0.75,0.875,0.5,0.5,0.75,0.75,0.75,0.5,1.0,1.0,0.5,0.875
United States,2021-03-12,0.8333333333333333,0.5,0.75,0.875,0.5,0.5,0.75,0.75,0.75,0.5,1.0,1.0,0.5,0.875
United States,2021-03-13,0.8333333333333333,0.5,0.75,0.875,0.5,0.5,0.75,0.75,0.75,0.5,1.0,1.0,0.5,0.875
United States,2021-03-14,0.8333333333333333,0.5,0.75,0.875,0.5,0.5,0.75,0.75,0.75,0.5,1.0,1.0,0.5,0.875
United States,2021-03-15,0.8333333333333333,0.5,0.75,0.875,0.5,0.5,0.75,0.75,0.75,0.5,1.0,1.0,0.5,0.875
United States,2021-03-16,0.8333333333333333,0.5,0.75,0.875,0.5,0.5,0.75,0.75,0.75,0.5,1.0,1.0,0.5,0.875
United States,2021-03-17,0.8333333333333333,0.5,0.75,0.875,0.5,0.5,0.75,0.75,0.75,0.5,1.0,1.0,0.5,0.875
United States,2021-03-18,0.8333333333333333,0.5,0.75,0.875,0.5,0.5,0.75,0.75,0.75,0.5,1.0,1.0,0.5,0.875
United States,2021-03-19,0.8333333333333333,0.5,0.75,0.875,0.5,0.5,0.75,0.75,0.75,0.5,1.0,1.0,0.5,0.875
United States,2021-03-20,0.8333333333333333,0.5,0.75,0.875,0.5,0.5,0.75,0.75,0.75,0.5,1.0,1.0,0.5,0.875
United States,2021-03-21,0.8333333333333333,0.5,0.75,0.875,0.5,0.5,0.75,0.75,0.75,0.5,1.0,1.0,0.5,0.875
United States,2021-03-22,0.8333333333333333,0.5,0.75,0.875,0.5,0.5,0.75,0.75,0.75,0.5,1.0,1.0,0.5,0.875
United States,2021-03-23,0.8333333333333333,0.5,0.75,0.875,0.5,0.5,0.75,0.75,0.75,0.5,1.0,1.0,0.5,0.875
United States,2021-03-24,0.8333333333333333,0.5,0.75,0.875,0.5,0.5,0.75,0.75,0.75,0.5,1.0,1.0,0.5,0.875
United States,2021-03-25,0.8333333333333333,0.5,0.75,0.875,0.5,0.5,0.75,0.75,0.75,0.5,1.0,1.0,0.5,0.875
United States,2021-03-26,0.8333333333333333,0.5,0.75,0.875,0.5,0.5,0.75,0.75,0.75,0.5,1.0,1.0,0.5,0.875
United States,2021-03-27,0.8333333333333333,0.5,0.75,0.875,0.5,0.5,0.75,0.75,0.75,0.5,1.0,1.0,0.5,0.875
United States,2021-03-28,0.8333333333333333,0.5,0.75,0.875,0.5,0.5,0.75,0.75,0.75,0.5,1.0,1.0,0.5,0.875
United States,2021-03-29,0.8333333333333333,0.5,0.75,0.875,0.5,0.5,0.75,0.75,0.75,0.5,1.0,1.0,0.5,0.875
United States,2021-03-30,0.8333333333333333,0.5,0.75,0.875,0.5,0.5,0.75,0.75,0.75,0.5,1.0,1.0,0.5,0.875
United States,2021-03-31,0.8333333333333333,0.5,0.75,0.875,0.5,0.5,0.75,0.75,0.75,0.5,1.0,1.0,0.5,0.875
United States,2021-04-01,0.8333333333333333,0.5,0.75,0.875,0.5,0.5,0.75,0.75,0.75,0.5,1.0,1.0,0.5,0.875
United States,2021-04-02,0.8333333333333333,0.5,0.75,0.875,0.5,0.5,0.75,0.75,0.75,0.5,1.0,1.0,0.5,0.875
United States,2021-04-03,0.8333333333333333,0.5,0.75,0.875,0.5,0.5,0.75,0.75,0.75,0.5,1.0,1.0,0.5,0.875